timestamp,frame,detected,confidence,center_x,center_y,dx,dy,capture_ms,inference_ms,frame_ms
2026-09-24T17:21:47.134,1,0,,,,,,497.63,110.43,608.06
2026-09-24T17:21:47.209,2,0,,,,,,0.86,73.77,74.63
2026-09-24T17:21:47.286,3,0,,,,,,0.87,75.77,76.64
2026-09-24T17:21:47.361,4,0,,,,,,0.76,74.18,74.94
2026-09-24T17:21:47.437,5,0,,,,,,0.71,75.52,76.23
2026-09-24T17:21:47.511,6,0,,,,,,0.68,73.79,74.46
2026-09-24T17:21:47.589,7,1,0.5251,59,370,-261,130,0.69,76.7,77.39
2026-09-24T17:21:47.664,8,0,,,,,,0.72,74.15,74.87
2026-09-24T17:21:47.740,9,0,,,,,,0.69,75.54,76.23
2026-09-24T17:21:47.815,10,0,,,,,,0.84,74.11,74.94
2026-09-24T17:21:47.892,11,1,0.3921,113,337,-207,97,0.7,76.0,76.7
2026-09-24T17:21:47.967,12,1,0.5095,237,272,-83,32,0.66,74.21,74.86
2026-09-24T17:21:48.042,13,1,0.492,155,286,-165,46,0.68,74.94,75.62
2026-09-24T17:21:48.117,14,1,0.3563,177,208,-143,-32,0.62,73.78,74.4
2026-09-24T17:21:48.193,15,1,0.4169,183,232,-137,-8,0.68,75.1,75.77
2026-09-24T17:21:48.267,16,1,0.7157,204,237,-116,-3,0.65,74.05,74.7
2026-09-24T17:21:48.343,17,1,0.7728,225,238,-95,-2,0.68,75.12,75.8
2026-09-24T17:21:48.418,18,1,0.8314,248,239,-72,-1,0.63,74.0,74.63
2026-09-24T17:21:48.494,19,1,0.6149,230,236,-90,-4,0.73,75.32,76.05
2026-09-24T17:21:48.569,20,1,0.7177,274,239,-46,-1,0.69,74.17,74.86
2026-09-24T17:21:48.644,21,1,0.6154,245,237,-75,-3,0.67,74.43,75.1
2026-09-24T17:21:48.719,22,1,0.4616,271,245,-49,5,0.62,74.06,74.69
2026-09-24T17:21:48.794,23,1,0.5579,313,236,-7,-4,0.68,74.49,75.17
2026-09-24T17:21:48.869,24,1,0.4669,367,233,47,-7,0.69,74.23,74.92
2026-09-24T17:21:48.944,25,1,0.7775,377,237,57,-3,0.67,74.73,75.4
2026-09-24T17:21:49.019,26,1,0.7406,369,237,49,-3,0.63,74.17,74.8
2026-09-24T17:21:49.094,27,1,0.7516,362,233,42,-7,0.68,74.0,74.68
2026-09-24T17:21:49.169,28,1,0.6876,363,235,43,-5,0.7,74.07,74.77
2026-09-24T17:21:49.244,29,1,0.6623,352,238,32,-2,0.67,74.32,74.99
2026-09-24T17:21:49.318,30,1,0.6671,370,239,50,-1,0.62,73.97,74.59
2026-09-24T17:21:49.394,31,1,0.8081,374,237,54,-3,0.69,74.62,75.32
2026-09-24T17:21:49.469,32,1,0.5408,395,237,75,-3,0.69,74.04,74.74
2026-09-24T17:21:49.544,33,1,0.7709,346,239,26,-1,0.67,74.56,75.22
2026-09-24T17:21:49.619,34,1,0.5752,379,254,59,14,0.63,74.25,74.88
2026-09-24T17:21:49.693,35,1,0.3717,295,342,-25,102,0.69,74.01,74.7
2026-09-24T17:21:49.768,36,1,0.5258,311,350,-9,110,0.66,74.01,74.67
2026-09-24T17:21:49.844,37,1,0.5263,308,297,-12,57,0.68,74.59,75.27
2026-09-24T17:21:49.918,38,1,0.6568,406,307,86,67,0.63,73.97,74.6
2026-09-24T17:21:49.993,39,1,0.5231,407,272,87,32,0.69,74.53,75.22
2026-09-24T17:21:50.068,40,1,0.649,269,289,-51,49,0.66,73.76,74.42
2026-09-24T17:21:50.144,41,1,0.6621,391,298,71,58,0.68,75.12,75.8
2026-09-24T17:21:50.218,42,1,0.6774,399,304,79,64,0.62,74.04,74.66
2026-09-24T17:21:50.294,43,1,0.4956,327,316,7,76,0.69,74.35,75.03
2026-09-24T17:21:50.368,44,1,0.6156,357,332,37,92,0.69,74.0,74.69
2026-09-24T17:21:50.443,45,1,0.7372,331,339,11,99,0.66,74.48,75.15
2026-09-24T17:21:50.518,46,1,0.692,332,336,12,96,0.62,74.18,74.8
2026-09-24T17:21:50.593,47,1,0.6861,286,338,-34,98,0.68,74.37,75.05
2026-09-24T17:21:50.668,48,1,0.7505,320,337,0,97,0.66,74.01,74.66
2026-09-24T17:21:50.743,49,1,0.7473,334,333,14,93,0.66,74.64,75.3
2026-09-24T17:21:50.818,50,1,0.7745,338,335,18,95,0.62,73.7,74.31
2026-09-24T17:21:50.893,51,1,0.803,361,331,41,91,0.74,74.6,75.34
2026-09-24T17:21:50.968,52,1,0.7526,358,328,38,88,0.66,73.81,74.46
2026-09-24T17:21:51.043,53,1,0.7526,340,328,20,88,0.68,74.72,75.4
2026-09-24T17:21:51.118,54,1,0.7522,333,330,13,90,0.63,73.74,74.37
2026-09-24T17:21:51.193,55,1,0.6648,321,336,1,96,0.73,74.83,75.55
2026-09-24T17:21:51.268,56,1,0.7591,308,331,-12,91,0.65,73.94,74.59
2026-09-24T17:21:51.343,57,1,0.7798,345,328,25,88,0.68,74.38,75.07
2026-09-24T17:21:51.418,58,1,0.7897,289,314,-31,74,0.63,74.06,74.69
2026-09-24T17:21:51.493,59,1,0.7941,312,312,-8,72,0.68,74.22,74.91
2026-09-24T17:21:51.567,60,1,0.7586,306,311,-14,71,0.66,74.1,74.76
2026-09-24T17:21:51.642,61,1,0.7604,323,313,3,73,0.72,74.18,74.89
2026-09-24T17:21:51.717,62,1,0.8208,306,315,-14,75,0.62,74.22,74.84
2026-09-24T17:21:51.793,63,1,0.7713,303,316,-17,76,0.64,75.23,75.87
2026-09-24T17:21:51.868,64,1,0.7785,331,315,11,75,0.66,74.09,74.75
2026-09-24T17:21:51.943,65,1,0.7909,330,314,10,74,0.71,74.53,75.24
2026-09-24T17:21:52.018,66,1,0.7566,321,310,1,70,0.62,73.77,74.4
2026-09-24T17:21:52.093,67,1,0.7627,310,310,-10,70,0.67,74.31,74.99
2026-09-24T17:21:52.168,68,1,0.7746,328,306,8,66,0.67,74.4,75.07
2026-09-24T17:21:52.243,69,1,0.7829,335,308,15,68,0.7,74.48,75.18
2026-09-24T17:21:52.317,70,1,0.8102,331,306,11,66,0.63,73.72,74.35
2026-09-24T17:21:52.393,71,1,0.8239,316,305,-4,65,0.66,74.48,75.14
2026-09-24T17:21:52.467,72,1,0.819,333,305,13,65,0.65,73.93,74.57
2026-09-24T17:21:52.543,73,1,0.7975,325,305,5,65,0.72,74.77,75.49
2026-09-24T17:21:52.617,74,1,0.7876,333,306,13,66,0.63,73.91,74.54
2026-09-24T17:21:52.692,75,1,0.8051,330,309,10,69,0.66,74.23,74.89
2026-09-24T17:21:52.767,76,1,0.8026,299,309,-21,69,0.65,74.17,74.81
2026-09-24T17:21:52.842,77,1,0.7954,300,308,-20,68,0.71,74.53,75.25
2026-09-24T17:21:52.917,78,1,0.7783,306,309,-14,69,0.62,74.03,74.65
2026-09-24T17:21:52.992,79,1,0.7798,303,309,-17,69,0.66,74.19,74.85
2026-09-24T17:21:53.067,80,1,0.7879,296,309,-24,69,0.67,74.08,74.75
2026-09-24T17:21:53.143,81,1,0.792,299,309,-21,69,0.72,74.91,75.63
2026-09-24T17:21:53.217,82,1,0.7559,297,311,-23,71,0.63,73.92,74.55
2026-09-24T17:21:53.292,83,1,0.7478,298,311,-22,71,0.65,74.16,74.81
2026-09-24T17:21:53.367,84,1,0.7488,303,311,-17,71,0.66,74.09,74.75
2026-09-24T17:21:53.442,85,1,0.7393,305,311,-15,71,0.71,74.04,74.75
2026-09-24T17:21:53.516,86,1,0.7491,289,312,-31,72,0.65,74.06,74.71
2026-09-24T17:21:53.591,87,1,0.7494,292,312,-28,72,0.63,74.4,75.04
2026-09-24T17:21:53.666,88,1,0.7653,304,311,-16,71,0.66,74.07,74.73
2026-09-24T17:21:53.741,89,1,0.7717,311,311,-9,71,0.71,74.29,75.0
2026-09-24T17:21:53.816,90,1,0.7776,306,312,-14,72,0.63,73.95,74.58
2026-09-24T17:21:53.891,91,1,0.782,301,312,-19,72,0.63,74.78,75.41
2026-09-24T17:21:53.966,92,1,0.7754,305,313,-15,73,0.65,74.1,74.76
2026-09-24T17:21:54.041,93,1,0.7697,303,312,-17,72,0.73,74.37,75.09
2026-09-24T17:21:54.116,94,1,0.7634,323,312,3,72,0.64,74.22,74.86
2026-09-24T17:21:54.191,95,1,0.7634,317,312,-3,72,0.64,74.6,75.23
2026-09-24T17:21:54.266,96,1,0.7834,320,313,0,73,0.65,74.34,74.99
2026-09-24T17:21:54.341,97,1,0.7712,312,314,-8,74,0.7,74.1,74.8
2026-09-24T17:21:54.416,98,1,0.7593,316,314,-4,74,0.62,74.13,74.75
2026-09-24T17:21:54.491,99,1,0.7409,316,314,-4,74,0.65,74.27,74.91
2026-09-24T17:21:54.566,100,1,0.7398,307,314,-13,74,0.66,73.93,74.59
2026-09-24T17:21:54.641,101,1,0.7431,304,314,-16,74,0.74,74.57,75.3
2026-09-24T17:21:54.716,102,1,0.7428,320,314,0,74,0.63,73.95,74.58
2026-09-24T17:21:54.791,103,1,0.74,318,314,-2,74,0.64,74.94,75.58
2026-09-24T17:21:54.866,104,1,0.7545,314,314,-6,74,0.65,74.32,74.97
2026-09-24T17:21:54.942,105,1,0.7315,316,314,-4,74,0.7,74.43,75.13
2026-09-24T17:21:55.016,106,1,0.7359,311,314,-9,74,0.63,74.15,74.79
2026-09-24T17:21:55.091,107,1,0.7283,307,314,-13,74,0.64,74.31,74.95
2026-09-24T17:21:55.167,108,1,0.742,320,314,0,74,0.66,74.59,75.25
2026-09-24T17:21:55.241,109,1,0.7461,317,314,-3,74,0.72,74.06,74.78
2026-09-24T17:21:55.316,110,1,0.7588,316,314,-4,74,0.63,74.11,74.74
2026-09-24T17:21:55.391,111,1,0.7503,316,314,-4,74,0.63,74.16,74.79
2026-09-24T17:21:55.466,112,1,0.7378,317,314,-3,74,0.66,74.45,75.12
2026-09-24T17:21:55.541,113,1,0.7606,317,314,-3,74,0.71,74.13,74.84
2026-09-24T17:21:55.616,114,1,0.7358,313,315,-7,75,0.63,74.28,74.91
2026-09-24T17:21:55.691,115,1,0.7403,307,315,-13,75,0.65,74.23,74.87
2026-09-24T17:21:55.766,116,1,0.7369,312,315,-8,75,0.66,74.08,74.74
2026-09-24T17:21:55.841,117,1,0.7379,311,315,-9,75,0.76,74.18,74.94
2026-09-24T17:21:55.915,118,1,0.7276,311,315,-9,75,0.63,74.01,74.64
2026-09-24T17:21:55.991,119,1,0.7183,314,315,-6,75,0.64,74.35,74.99
2026-09-24T17:21:56.065,120,1,0.7096,313,315,-7,75,0.65,74.04,74.7
2026-09-24T17:21:56.141,121,1,0.7283,315,315,-5,75,0.7,74.85,75.55
2026-09-24T17:21:56.216,122,1,0.7563,309,316,-11,76,0.63,74.02,74.66
2026-09-24T17:21:56.290,123,1,0.7329,300,315,-20,75,0.63,74.21,74.84
2026-09-24T17:21:56.365,124,1,0.7352,314,316,-6,76,0.66,74.16,74.81
2026-09-24T17:21:56.441,125,1,0.7203,318,316,-2,76,0.69,74.43,75.12
2026-09-24T17:21:56.515,126,1,0.7478,316,316,-4,76,0.63,74.21,74.84
2026-09-24T17:21:56.591,127,1,0.7398,314,316,-6,76,0.64,74.49,75.14
2026-09-24T17:21:56.665,128,1,0.7456,312,316,-8,76,0.66,74.02,74.68
2026-09-24T17:21:56.741,129,1,0.7434,314,316,-6,76,0.7,74.73,75.44
2026-09-24T17:21:56.816,130,1,0.7456,318,316,-2,76,0.62,74.28,74.91
2026-09-24T17:21:56.891,131,1,0.7529,321,316,1,76,0.64,74.13,74.77
2026-09-24T17:21:56.965,132,1,0.7528,323,316,3,76,0.66,74.11,74.77
2026-09-24T17:21:57.040,133,1,0.7519,321,316,1,76,0.71,74.39,75.09
2026-09-24T17:21:57.115,134,1,0.7442,323,316,3,76,0.62,74.17,74.79
2026-09-24T17:21:57.191,135,1,0.7499,324,317,4,77,0.64,75.4,76.05
2026-09-24T17:21:57.266,136,1,0.7574,313,316,-7,76,0.65,73.9,74.55
2026-09-24T17:21:57.341,137,1,0.7585,315,317,-5,77,0.74,74.13,74.87
2026-09-24T17:21:57.416,138,1,0.7621,312,317,-8,77,0.63,74.29,74.92
2026-09-24T17:21:57.491,139,1,0.7572,312,317,-8,77,0.66,74.11,74.78
2026-09-24T17:21:57.566,140,1,0.7575,314,317,-6,77,0.65,74.24,74.89
2026-09-24T17:21:57.641,141,1,0.7592,313,317,-7,77,0.75,74.48,75.23
2026-09-24T17:21:57.716,142,1,0.7721,291,318,-29,78,0.62,74.1,74.73
2026-09-24T17:21:57.790,143,1,0.7631,300,317,-20,77,0.65,74.09,74.74
2026-09-24T17:21:57.866,144,1,0.7559,299,317,-21,77,0.66,74.32,74.98
2026-09-24T17:21:57.940,145,1,0.7562,308,316,-12,76,0.75,74.15,74.9
2026-09-24T17:21:58.015,146,1,0.7633,307,316,-13,76,0.62,74.29,74.92
2026-09-24T17:21:58.090,147,1,0.7687,304,316,-16,76,0.63,74.29,74.92
2026-09-24T17:21:58.165,148,1,0.7628,309,317,-11,77,0.66,74.14,74.8
2026-09-24T17:21:58.240,149,1,0.7651,307,318,-13,78,0.7,74.36,75.06
2026-09-24T17:21:58.315,150,1,0.7478,298,318,-22,78,0.62,74.18,74.8
2026-09-24T17:21:58.390,151,1,0.7493,312,318,-8,78,0.64,74.44,75.08
2026-09-24T17:21:58.465,152,1,0.7581,315,317,-5,77,0.65,74.11,74.77
2026-09-24T17:21:58.540,153,1,0.7508,315,318,-5,78,0.7,74.32,75.02
2026-09-24T17:21:58.615,154,1,0.754,291,318,-29,78,0.62,74.19,74.81
2026-09-24T17:21:58.690,155,1,0.7609,309,317,-11,77,0.64,74.3,74.95
2026-09-24T17:21:58.765,156,1,0.7459,308,317,-12,77,0.69,74.12,74.81
2026-09-24T17:21:58.841,157,1,0.7415,316,317,-4,77,0.7,75.64,76.33
2026-09-24T17:21:58.916,158,1,0.7643,282,318,-38,78,0.62,73.8,74.42
2026-09-24T17:21:58.991,159,1,0.7525,294,317,-26,77,0.66,74.13,74.78
2026-09-24T17:21:59.065,160,1,0.754,289,317,-31,77,0.66,74.14,74.8
2026-09-24T17:21:59.140,161,1,0.7351,295,317,-25,77,0.71,74.15,74.86
2026-09-24T17:21:59.215,162,1,0.7246,291,317,-29,77,0.62,74.27,74.89
2026-09-24T17:21:59.290,163,1,0.7225,305,317,-15,77,0.64,74.35,74.99
2026-09-24T17:21:59.365,164,1,0.7522,276,317,-44,77,0.65,74.32,74.97
2026-09-24T17:21:59.440,165,1,0.7648,277,318,-43,78,0.71,74.03,74.75
2026-09-24T17:21:59.515,166,1,0.7488,281,319,-39,79,0.63,74.35,74.98
2026-09-24T17:21:59.590,167,1,0.754,286,318,-34,78,0.64,74.3,74.94
2026-09-24T17:21:59.665,168,1,0.765,280,318,-40,78,0.68,74.34,75.02
2026-09-24T17:21:59.740,169,1,0.778,280,318,-40,78,0.72,74.2,74.91
2026-09-24T17:21:59.815,170,1,0.7655,280,318,-40,78,0.63,74.45,75.08
2026-09-24T17:21:59.890,171,1,0.7868,276,318,-44,78,0.66,74.06,74.71
2026-09-24T17:21:59.965,172,1,0.7471,285,318,-35,78,0.69,74.34,75.03
2026-09-24T17:22:00.040,173,1,0.754,285,318,-35,78,0.7,74.13,74.83
2026-09-24T17:22:00.115,174,1,0.7543,291,317,-29,77,0.63,74.24,74.87
2026-09-24T17:22:00.190,175,1,0.7512,291,318,-29,78,0.64,74.72,75.37
2026-09-24T17:22:00.265,176,1,0.7641,290,319,-30,79,0.66,74.13,74.78
2026-09-24T17:22:00.340,177,1,0.7601,299,318,-21,78,0.72,74.07,74.79
2026-09-24T17:22:00.415,178,1,0.7479,299,318,-21,78,0.73,74.21,74.94
2026-09-24T17:22:00.490,179,1,0.744,307,318,-13,78,0.65,74.29,74.94
2026-09-24T17:22:00.565,180,1,0.7653,302,318,-18,78,0.79,74.03,74.82
2026-09-24T17:22:00.640,181,1,0.7549,301,318,-19,78,0.7,74.28,74.98
2026-09-24T17:22:00.715,182,1,0.7566,298,318,-22,78,0.73,74.09,74.82
2026-09-24T17:22:00.790,183,1,0.7627,312,318,-8,78,0.64,74.38,75.02
2026-09-24T17:22:00.865,184,1,0.7371,294,318,-26,78,0.77,74.25,75.01
2026-09-24T17:22:00.940,185,1,0.749,297,318,-23,78,0.72,74.46,75.17
2026-09-24T17:22:01.015,186,1,0.7761,304,318,-16,78,0.73,74.14,74.87
2026-09-24T17:22:01.090,187,1,0.7761,297,318,-23,78,0.65,74.06,74.71
2026-09-24T17:22:01.165,188,1,0.7798,295,318,-25,78,0.78,74.55,75.33
2026-09-24T17:22:01.240,189,1,0.7827,298,318,-22,78,0.72,74.14,74.86
2026-09-24T17:22:01.315,190,1,0.7661,301,318,-19,78,0.72,74.14,74.86
2026-09-24T17:22:01.390,191,1,0.772,300,319,-20,79,0.66,74.01,74.67
2026-09-24T17:22:01.465,192,1,0.7388,297,318,-23,78,0.78,74.19,74.97
2026-09-24T17:22:01.540,193,1,0.749,284,318,-36,78,0.7,74.25,74.94
2026-09-24T17:22:01.617,194,1,0.7736,271,317,-49,77,0.72,77.14,77.86
2026-09-24T17:22:01.693,195,1,0.7682,277,317,-43,77,1.1,74.5,75.6
2026-09-24T17:22:01.768,196,1,0.8128,265,317,-55,77,0.65,74.1,74.75
2026-09-24T17:22:01.843,197,1,0.7943,272,318,-48,78,0.77,74.32,75.08
2026-09-24T17:22:01.918,198,1,0.7962,270,317,-50,77,0.63,73.84,74.47
2026-09-24T17:22:01.993,199,1,0.793,270,317,-50,77,0.76,74.52,75.28
2026-09-24T17:22:02.068,200,1,0.8562,262,317,-58,77,0.66,73.98,74.63
2026-09-24T17:22:02.144,201,1,0.8554,260,318,-60,78,0.81,75.08,75.89
2026-09-24T17:22:02.218,202,1,0.8466,263,317,-57,77,0.63,74.09,74.72
2026-09-24T17:22:02.293,203,1,0.8405,260,318,-60,78,0.83,74.03,74.86
2026-09-24T17:22:02.368,204,1,0.8539,261,317,-59,77,0.65,73.89,74.54
2026-09-24T17:22:02.443,205,1,0.8521,260,318,-60,78,0.79,74.34,75.13
2026-09-24T17:22:02.517,206,1,0.8472,260,318,-60,78,0.64,73.82,74.45
2026-09-24T17:22:02.593,207,1,0.8511,260,318,-60,78,0.76,74.53,75.29
2026-09-24T17:22:02.668,208,1,0.8321,263,318,-57,78,0.65,74.0,74.66
2026-09-24T17:22:02.743,209,1,0.8395,260,318,-60,78,0.83,74.52,75.35
2026-09-24T17:22:02.817,210,1,0.8373,259,318,-61,78,0.63,73.87,74.49
2026-09-24T17:22:02.893,211,1,0.8395,259,317,-61,77,0.8,74.38,75.18
2026-09-24T17:22:02.967,212,1,0.8447,259,318,-61,78,0.65,73.91,74.57
2026-09-24T17:22:03.043,213,1,0.8368,259,318,-61,78,0.8,74.44,75.24
2026-09-24T17:22:03.117,214,1,0.8495,261,318,-59,78,0.65,73.79,74.44
2026-09-24T17:22:03.192,215,1,0.842,261,318,-59,78,0.72,74.0,74.72
2026-09-24T17:22:03.266,216,1,0.8507,262,319,-58,79,0.65,73.79,74.44
2026-09-24T17:22:03.341,217,1,0.8563,261,319,-59,79,0.72,74.3,75.03
2026-09-24T17:22:03.416,218,1,0.8449,257,319,-63,79,0.62,73.76,74.39
2026-09-24T17:22:03.491,219,1,0.845,259,319,-61,79,0.63,74.18,74.82
2026-09-24T17:22:03.565,220,1,0.8459,259,319,-61,79,0.65,73.95,74.59
2026-09-24T17:22:03.640,221,1,0.84,261,319,-59,79,0.7,74.28,74.98
2026-09-24T17:22:03.715,222,1,0.8477,261,319,-59,79,0.62,74.34,74.96
2026-09-24T17:22:03.790,223,1,0.8388,260,318,-60,78,0.65,74.04,74.68
2026-09-24T17:22:03.865,224,1,0.8372,260,319,-60,79,0.69,74.03,74.72
2026-09-24T17:22:03.940,225,1,0.8422,260,318,-60,78,0.71,74.29,75.0
2026-09-24T17:22:04.015,226,1,0.8443,257,318,-63,78,0.62,73.93,74.55
2026-09-24T17:22:04.089,227,1,0.8472,260,318,-60,78,0.64,74.08,74.72
2026-09-24T17:22:04.164,228,1,0.8529,262,319,-58,79,0.65,74.17,74.82
2026-09-24T17:22:04.239,229,1,0.8448,263,319,-57,79,0.7,73.9,74.6
2026-09-24T17:22:04.313,230,1,0.8498,262,319,-58,79,0.63,74.01,74.64
2026-09-24T17:22:04.389,231,1,0.8452,261,319,-59,79,0.63,74.6,75.24
2026-09-24T17:22:04.464,232,1,0.8276,261,318,-59,78,0.66,74.35,75.0
2026-09-24T17:22:04.539,233,1,0.8066,262,318,-58,78,0.7,74.15,74.85
2026-09-24T17:22:04.613,234,1,0.8398,260,318,-60,78,0.63,73.99,74.62
2026-09-24T17:22:04.689,235,1,0.8259,262,318,-58,78,0.64,75.04,75.68
2026-09-24T17:22:04.764,236,1,0.8514,262,318,-58,78,0.66,74.26,74.92
2026-09-24T17:22:04.839,237,1,0.8386,260,319,-60,79,0.7,73.99,74.69
2026-09-24T17:22:04.914,238,1,0.8522,262,319,-58,79,0.64,74.13,74.77
2026-09-24T17:22:04.989,239,1,0.8306,272,319,-48,79,0.67,74.2,74.87
2026-09-24T17:22:05.066,240,1,0.8234,286,319,-34,79,0.66,76.98,77.64
2026-09-24T17:22:05.141,241,1,0.7127,283,320,-37,80,0.76,73.92,74.68
2026-09-24T17:22:05.216,242,1,0.7057,333,310,13,70,0.65,74.01,74.66
2026-09-24T17:22:05.290,243,1,0.644,320,311,0,71,0.64,74.08,74.72
2026-09-24T17:22:05.365,244,1,0.6936,345,312,25,72,0.66,74.08,74.73
2026-09-24T17:22:05.440,245,1,0.7601,351,312,31,72,0.71,73.93,74.64
2026-09-24T17:22:05.515,246,1,0.7018,424,310,104,70,0.65,74.29,74.94
2026-09-24T17:22:05.590,247,1,0.7183,422,305,102,65,0.64,74.24,74.88
2026-09-24T17:22:05.665,248,1,0.4568,454,291,134,51,0.71,74.27,74.98
2026-09-24T17:22:05.740,249,1,0.6695,496,283,176,43,0.7,74.4,75.1
2026-09-24T17:22:05.814,250,0,,,,,,0.63,73.7,74.33
2026-09-24T17:22:05.889,251,0,,,,,,0.65,73.93,74.58
2026-09-24T17:22:05.963,252,0,,,,,,0.67,73.61,74.28
2026-09-24T17:22:06.039,253,0,,,,,,0.71,75.04,75.75
2026-09-24T17:22:06.113,254,0,,,,,,0.64,73.63,74.27
2026-09-24T17:22:06.189,255,0,,,,,,0.65,74.7,75.35
2026-09-24T17:22:06.263,256,0,,,,,,0.68,73.3,73.98
2026-09-24T17:22:06.339,257,0,,,,,,0.71,75.36,76.07
2026-09-24T17:22:06.413,258,0,,,,,,0.63,73.52,74.15
2026-09-24T17:22:06.489,259,0,,,,,,0.65,74.77,75.42
2026-09-24T17:22:06.563,260,0,,,,,,0.66,73.52,74.19
2026-09-24T17:22:06.638,261,0,,,,,,0.71,74.78,75.49
2026-09-24T17:22:06.713,262,0,,,,,,0.64,73.68,74.31
2026-09-24T17:22:06.789,263,0,,,,,,0.65,75.2,75.85
2026-09-24T17:22:06.863,264,0,,,,,,0.68,73.42,74.09
2026-09-24T17:22:06.939,265,0,,,,,,0.72,75.34,76.06
2026-09-24T17:22:07.013,266,0,,,,,,0.63,73.65,74.28
2026-09-24T17:22:07.089,267,1,0.4296,539,288,219,48,0.65,75.28,75.94
2026-09-24T17:22:07.164,268,1,0.4495,420,303,100,63,0.65,74.09,74.74
2026-09-24T17:22:07.239,269,1,0.5312,394,310,74,70,0.72,74.32,75.03
2026-09-24T17:22:07.314,270,1,0.578,241,319,-79,79,0.63,74.25,74.88
2026-09-24T17:22:07.389,271,1,0.6294,255,320,-65,80,0.67,74.24,74.91
2026-09-24T17:22:07.464,272,1,0.6737,207,321,-113,81,0.67,74.2,74.87
2026-09-24T17:22:07.539,273,1,0.3767,189,318,-131,78,0.69,74.54,75.24
2026-09-24T17:22:07.614,274,1,0.4538,107,333,-213,93,0.63,74.51,75.14
2026-09-24T17:22:07.690,275,1,0.368,92,319,-228,79,0.64,74.62,75.26
2026-09-24T17:22:07.764,276,0,,,,,,0.7,73.88,74.59
2026-09-24T17:22:07.839,277,0,,,,,,0.71,73.57,74.28
2026-09-24T17:22:07.913,278,1,0.3975,230,240,-90,0,0.64,73.83,74.47
2026-09-24T17:22:07.989,279,1,0.3782,180,244,-140,4,0.63,75.17,75.8
2026-09-24T17:22:08.063,280,0,,,,,,0.66,73.65,74.31
2026-09-24T17:22:08.139,281,0,,,,,,0.72,74.47,75.18
2026-09-24T17:22:08.213,282,0,,,,,,0.63,73.59,74.23
2026-09-24T17:22:08.289,283,1,0.4176,440,364,120,124,0.65,75.24,75.89
2026-09-24T17:22:08.363,284,0,,,,,,0.65,73.6,74.25
2026-09-24T17:22:08.439,285,1,0.4197,469,356,149,116,0.72,74.86,75.58
2026-09-24T17:22:08.513,286,1,0.3542,97,235,-223,-5,0.64,73.72,74.36
2026-09-24T17:22:08.589,287,1,0.614,482,342,162,102,0.66,74.89,75.55
2026-09-24T17:22:08.664,288,1,0.3679,544,336,224,96,0.65,74.06,74.71
2026-09-24T17:22:08.738,289,0,,,,,,0.7,74.06,74.76
2026-09-24T17:22:08.813,290,0,,,,,,0.63,73.84,74.47
2026-09-24T17:22:08.888,291,0,,,,,,0.66,73.92,74.58
2026-09-24T17:22:08.962,292,0,,,,,,0.67,73.73,74.4
2026-09-24T17:22:09.037,293,1,0.6644,223,291,-97,51,0.73,74.39,75.12
2026-09-24T17:22:09.112,294,1,0.7085,304,285,-16,45,0.63,73.86,74.49
2026-09-24T17:22:09.187,295,1,0.6789,375,284,55,44,0.64,75.08,75.73
2026-09-24T17:22:09.262,296,1,0.7058,384,284,64,44,0.66,74.16,74.83
2026-09-24T17:22:09.339,297,1,0.7329,396,288,76,48,0.7,75.61,76.31
2026-09-24T17:22:09.413,298,1,0.6156,409,330,89,90,0.62,74.05,74.67
2026-09-24T17:22:09.488,299,0,,,,,,0.65,73.99,74.64
2026-09-24T17:22:09.563,300,1,0.5467,305,363,-15,123,0.69,74.06,74.75
2026-09-24T17:22:09.638,301,1,0.5078,287,376,-33,136,0.7,74.7,75.41
2026-09-24T17:22:09.713,302,1,0.6391,267,389,-53,149,0.63,73.78,74.4
2026-09-24T17:22:09.788,303,1,0.67,266,391,-54,151,0.65,74.34,74.99
2026-09-24T17:22:09.863,304,1,0.6015,265,395,-55,155,0.65,74.0,74.65
2026-09-24T17:22:09.937,305,1,0.4709,264,394,-56,154,0.7,74.13,74.83
2026-09-24T17:22:10.012,306,1,0.4499,257,362,-63,122,0.62,73.95,74.57
2026-09-24T17:22:10.087,307,1,0.378,259,325,-61,85,0.64,74.48,75.12
2026-09-24T17:22:10.162,308,1,0.7861,300,240,-20,0,0.66,74.1,74.75
2026-09-24T17:22:10.237,309,1,0.822,292,239,-28,-1,0.72,74.51,75.24
2026-09-24T17:22:10.312,310,1,0.7231,294,239,-26,-1,0.66,74.0,74.66
2026-09-24T17:22:10.388,311,1,0.8119,304,239,-16,-1,0.64,74.91,75.55
2026-09-24T17:22:10.462,312,1,0.6799,336,238,16,-2,0.66,73.88,74.54
2026-09-24T17:22:10.539,313,1,0.7823,287,251,-33,11,0.75,75.58,76.33
2026-09-24T17:22:10.613,314,1,0.7902,286,267,-34,27,0.63,74.08,74.71
2026-09-24T17:22:10.689,315,1,0.7909,276,273,-44,33,0.65,74.73,75.37
2026-09-24T17:22:10.764,316,1,0.7567,284,284,-36,44,0.66,74.34,75.0
2026-09-24T17:22:10.838,317,1,0.7376,281,285,-39,45,0.71,73.99,74.7
2026-09-24T17:22:10.913,318,1,0.6951,383,250,63,10,0.62,74.02,74.64
2026-09-24T17:22:10.988,319,1,0.7137,361,299,41,59,0.64,74.21,74.85
2026-09-24T17:22:11.063,320,1,0.6946,348,319,28,79,0.66,73.85,74.5
2026-09-24T17:22:11.138,321,1,0.6888,355,317,35,77,0.71,74.95,75.65
2026-09-24T17:22:11.213,322,1,0.7991,372,297,52,57,0.62,74.06,74.68
2026-09-24T17:22:11.288,323,1,0.7457,358,299,38,59,0.66,74.32,74.98
2026-09-24T17:22:11.363,324,1,0.7838,378,305,58,65,0.65,73.93,74.58
2026-09-24T17:22:11.438,325,1,0.7784,380,291,60,51,0.71,74.15,74.86
2026-09-24T17:22:11.512,326,1,0.7729,384,283,64,43,0.64,73.99,74.63
2026-09-24T17:22:11.588,327,1,0.7714,384,274,64,34,0.64,74.77,75.42
2026-09-24T17:22:11.663,328,1,0.7983,357,269,37,29,0.65,74.13,74.78
2026-09-24T17:22:11.738,329,1,0.7881,367,270,47,30,0.71,74.69,75.4
2026-09-24T17:22:11.813,330,1,0.8004,369,277,49,37,0.65,74.01,74.66
2026-09-24T17:22:11.888,331,1,0.8166,374,275,54,35,0.64,74.18,74.83
2026-09-24T17:22:11.962,332,1,0.7695,371,281,51,41,0.65,73.98,74.63
2026-09-24T17:22:12.038,333,1,0.7343,339,283,19,43,0.7,74.74,75.44
2026-09-24T17:22:12.112,334,1,0.737,397,288,77,48,0.66,73.78,74.44
2026-09-24T17:22:12.188,335,1,0.8039,389,283,69,43,0.65,74.76,75.41
2026-09-24T17:22:12.262,336,1,0.7119,374,288,54,48,0.65,74.01,74.67
2026-09-24T17:22:12.338,337,1,0.6954,398,292,78,52,0.7,74.78,75.47
2026-09-24T17:22:12.413,338,1,0.6453,391,290,71,50,0.68,74.05,74.73
2026-09-24T17:22:12.490,339,1,0.7138,408,279,88,39,0.64,77.13,77.77
2026-09-24T17:22:12.565,340,1,0.7746,427,279,107,39,0.65,73.85,74.5
2026-09-24T17:22:12.640,341,1,0.4959,425,274,105,34,0.88,74.32,75.2
2026-09-24T17:22:12.715,342,1,0.6978,395,237,75,-3,0.65,73.9,74.55
2026-09-24T17:22:12.790,343,1,0.5267,480,210,160,-30,0.78,74.36,75.14
2026-09-24T17:22:12.865,344,1,0.4912,461,214,141,-26,0.69,73.82,74.51
2026-09-24T17:22:12.940,345,1,0.4571,520,233,200,-7,0.78,74.64,75.43
2026-09-24T17:22:13.015,346,1,0.5525,519,227,199,-13,0.64,73.83,74.47
2026-09-24T17:22:13.089,347,1,0.6707,518,261,198,21,0.72,74.1,74.83
2026-09-24T17:22:13.164,348,1,0.489,516,255,196,15,0.65,74.05,74.7
2026-09-24T17:22:13.239,349,1,0.6589,509,268,189,28,0.79,74.18,74.97
2026-09-24T17:22:13.314,350,1,0.6201,456,278,136,38,0.62,73.68,74.31
2026-09-24T17:22:13.388,351,1,0.4076,409,256,89,16,0.67,74.05,74.72
2026-09-24T17:22:13.463,352,1,0.4349,273,273,-47,33,0.67,74.09,74.76
2026-09-24T17:22:13.538,353,1,0.4852,331,273,11,33,0.71,74.11,74.82
2026-09-24T17:22:13.613,354,1,0.5824,279,285,-41,45,0.66,74.01,74.68
2026-09-24T17:22:13.687,355,1,0.5525,235,288,-85,48,0.67,73.97,74.65
2026-09-24T17:22:13.762,356,1,0.5117,198,288,-122,48,0.67,74.02,74.69
2026-09-24T17:22:13.837,357,1,0.5725,204,282,-116,42,0.7,74.16,74.86
2026-09-24T17:22:13.912,358,1,0.4107,94,281,-226,41,0.65,73.99,74.64
2026-09-24T17:22:13.987,359,1,0.4034,63,274,-257,34,0.64,74.5,75.13
2026-09-24T17:22:14.061,360,0,,,,,,0.66,73.2,73.86
2026-09-24T17:22:14.136,361,0,,,,,,0.71,74.06,74.77
2026-09-24T17:22:14.210,362,0,,,,,,0.66,73.39,74.04
2026-09-24T17:22:14.285,363,0,,,,,,0.68,74.59,75.28
2026-09-24T17:22:14.359,364,1,0.362,130,409,-190,169,0.68,73.63,74.3
2026-09-24T17:22:14.435,365,0,,,,,,0.69,74.7,75.39
2026-09-24T17:22:14.509,366,0,,,,,,0.65,73.31,73.97
2026-09-24T17:22:14.584,367,0,,,,,,0.65,74.77,75.42
2026-09-24T17:22:14.658,368,0,,,,,,0.68,73.26,73.93
2026-09-24T17:22:14.734,369,0,,,,,,0.72,74.61,75.33
2026-09-24T17:22:14.808,370,1,0.405,136,320,-184,80,0.68,73.81,74.49
2026-09-24T17:22:14.884,371,1,0.7349,142,304,-178,64,0.65,74.62,75.27
2026-09-24T17:22:14.958,372,1,0.6811,84,309,-236,69,0.65,73.81,74.47
2026-09-24T17:22:15.034,373,1,0.7194,83,303,-237,63,0.72,74.58,75.3
2026-09-24T17:22:15.108,374,1,0.6343,180,308,-140,68,0.65,73.52,74.17
2026-09-24T17:22:15.184,375,1,0.6943,199,307,-121,67,0.63,75.27,75.9
2026-09-24T17:22:15.258,376,1,0.5682,170,306,-150,66,0.65,73.86,74.52
2026-09-24T17:22:15.335,377,1,0.6248,275,302,-45,62,0.7,75.56,76.26
2026-09-24T17:22:15.409,378,1,0.5358,284,310,-36,70,0.62,73.55,74.17
2026-09-24T17:22:15.485,379,1,0.6311,286,316,-34,76,0.63,75.11,75.74
2026-09-24T17:22:15.559,380,1,0.5832,303,302,-17,62,0.65,73.71,74.36
2026-09-24T17:22:15.635,381,1,0.4882,314,310,-6,70,0.71,75.28,75.99
2026-09-24T17:22:15.709,382,1,0.537,354,320,34,80,0.63,73.51,74.14
2026-09-24T17:22:15.785,383,1,0.5752,384,319,64,79,0.64,75.12,75.76
2026-09-24T17:22:15.859,384,1,0.5467,266,311,-54,71,0.66,73.62,74.28
2026-09-24T17:22:15.935,385,1,0.5511,269,313,-51,73,0.7,74.9,75.59
2026-09-24T17:22:16.009,386,1,0.465,318,341,-2,101,0.63,73.4,74.03
2026-09-24T17:22:16.084,387,0,,,,,,0.65,74.64,75.29
2026-09-24T17:22:16.158,388,0,,,,,,0.68,73.18,73.85
2026-09-24T17:22:16.234,389,1,0.399,309,401,-11,161,0.71,74.92,75.63
2026-09-24T17:22:16.308,390,0,,,,,,0.65,72.98,73.63
2026-09-24T17:22:16.383,391,1,0.4327,329,431,9,191,0.65,75.07,75.72
2026-09-24T17:22:16.458,392,0,,,,,,0.65,73.52,74.17
2026-09-24T17:22:16.533,393,0,,,,,,0.74,74.82,75.56
2026-09-24T17:22:16.607,394,0,,,,,,0.65,73.53,74.18
2026-09-24T17:22:16.683,395,0,,,,,,0.64,75.12,75.76
2026-09-24T17:22:16.758,396,1,0.449,334,428,14,188,0.76,74.35,75.11
2026-09-24T17:22:16.834,397,1,0.4425,339,411,19,171,0.71,75.08,75.79
2026-09-24T17:22:16.908,398,1,0.3834,339,379,19,139,0.73,73.45,74.18
2026-09-24T17:22:16.984,399,0,,,,,,0.63,74.44,75.07
2026-09-24T17:22:17.058,400,0,,,,,,0.77,73.43,74.19
2026-09-24T17:22:17.134,401,1,0.5591,283,274,-37,34,0.75,75.61,76.36
2026-09-24T17:22:17.209,402,1,0.6991,320,239,0,-1,0.73,73.57,74.3
2026-09-24T17:22:17.285,403,1,0.3777,369,240,49,0,0.65,75.22,75.86
2026-09-24T17:22:17.359,404,1,0.635,325,243,5,3,0.74,73.63,74.38
2026-09-24T17:22:17.434,405,1,0.4923,365,238,45,-2,0.79,74.64,75.43
2026-09-24T17:22:17.509,406,1,0.3541,341,223,21,-17,0.72,73.55,74.27
2026-09-24T17:22:17.584,407,1,0.4876,395,241,75,1,0.64,75.09,75.74
2026-09-24T17:22:17.660,408,1,0.4401,392,235,72,-5,0.75,74.45,75.21
2026-09-24T17:22:17.735,409,1,0.5654,395,234,75,-6,0.7,75.0,75.7
2026-09-24T17:22:17.810,410,1,0.5141,332,234,12,-6,0.72,74.0,74.72
2026-09-24T17:22:17.886,411,0,,,,,,0.65,74.84,75.48
2026-09-24T17:22:17.961,412,1,0.3678,351,320,31,80,0.8,73.92,74.72
2026-09-24T17:22:18.036,413,1,0.4496,340,353,20,113,0.71,74.95,75.66
2026-09-24T17:22:18.111,414,1,0.3549,334,249,14,9,0.71,73.87,74.58
2026-09-24T17:22:18.186,415,1,0.5832,362,268,42,28,0.65,74.71,75.36
2026-09-24T17:22:18.261,416,1,0.4853,388,329,68,89,0.75,73.88,74.63
2026-09-24T17:22:18.336,417,0,,,,,,0.71,74.35,75.06
2026-09-24T17:22:18.411,418,1,0.4179,319,403,-1,163,0.74,73.64,74.39
2026-09-24T17:22:18.486,419,1,0.3933,323,398,3,158,0.64,74.98,75.62
2026-09-24T17:22:18.561,420,1,0.3697,319,391,-1,151,0.75,74.18,74.94
2026-09-24T17:22:18.636,421,1,0.3583,301,366,-19,126,0.7,74.45,75.16
2026-09-24T17:22:18.711,422,0,,,,,,0.62,73.68,74.3
2026-09-24T17:22:18.785,423,0,,,,,,0.65,73.83,74.48
2026-09-24T17:22:18.860,424,1,0.3911,297,362,-23,122,0.77,73.89,74.67
2026-09-24T17:22:18.936,425,1,0.3658,266,384,-54,144,0.71,75.48,76.19
2026-09-24T17:22:19.011,426,1,0.4233,240,374,-80,134,0.73,73.95,74.68
2026-09-24T17:22:19.086,427,1,0.4688,231,360,-89,120,0.73,74.38,75.12
2026-09-24T17:22:19.161,428,1,0.6532,211,351,-109,111,0.8,73.97,74.78
2026-09-24T17:22:19.236,429,1,0.5957,204,340,-116,100,0.7,74.16,74.86
2026-09-24T17:22:19.310,430,1,0.65,161,331,-159,91,0.72,73.8,74.53
2026-09-24T17:22:19.385,431,1,0.6195,158,327,-162,87,0.65,74.39,75.04
2026-09-24T17:22:19.460,432,1,0.722,141,322,-179,82,0.79,73.97,74.76
2026-09-24T17:22:19.536,433,1,0.6918,144,312,-176,72,0.72,74.52,75.24
2026-09-24T17:22:19.610,434,1,0.7554,135,313,-185,73,0.71,73.94,74.65
2026-09-24T17:22:19.685,435,1,0.6825,133,310,-187,70,0.64,74.53,75.17
2026-09-24T17:22:19.760,436,1,0.7949,182,302,-138,62,0.78,73.88,74.66
2026-09-24T17:22:19.836,437,1,0.6809,108,305,-212,65,0.72,74.67,75.4
2026-09-24T17:22:19.910,438,1,0.6016,79,300,-241,60,0.72,73.81,74.53
2026-09-24T17:22:19.985,439,1,0.5672,67,302,-253,62,0.65,74.55,75.2
2026-09-24T17:22:20.060,440,1,0.3932,65,304,-255,64,0.78,73.83,74.61
2026-09-24T17:22:20.136,441,1,0.5665,60,325,-260,85,0.71,74.64,75.34
2026-09-24T17:22:20.211,442,1,0.6455,62,326,-258,86,0.72,74.23,74.96
2026-09-24T17:22:20.286,443,1,0.5756,62,319,-258,79,0.65,74.78,75.44
2026-09-24T17:22:20.361,444,1,0.4469,73,313,-247,73,0.78,74.18,74.96
2026-09-24T17:22:20.436,445,1,0.3589,78,311,-242,71,0.71,73.94,74.65
2026-09-24T17:22:20.510,446,1,0.7922,94,317,-226,77,0.73,73.61,74.34
2026-09-24T17:22:20.585,447,1,0.7642,109,306,-211,66,0.67,74.4,75.07
2026-09-24T17:22:20.660,448,1,0.8175,122,298,-198,58,0.75,74.05,74.8
2026-09-24T17:22:20.735,449,1,0.5886,146,314,-174,74,0.71,74.53,75.24
2026-09-24T17:22:20.810,450,1,0.5435,200,304,-120,64,0.72,73.89,74.61
2026-09-24T17:22:20.885,451,1,0.6645,194,308,-126,68,0.67,74.31,74.98
2026-09-24T17:22:20.960,452,1,0.457,234,308,-86,68,0.75,74.06,74.81
2026-09-24T17:22:21.034,453,1,0.6597,217,292,-103,52,0.71,73.84,74.55
2026-09-24T17:22:21.109,454,1,0.4877,269,292,-51,52,0.72,74.19,74.91
2026-09-24T17:22:21.185,455,1,0.6165,283,284,-37,44,0.65,75.25,75.9
2026-09-24T17:22:21.260,456,1,0.6157,308,286,-12,46,0.74,73.87,74.61
2026-09-24T17:22:21.335,457,1,0.5664,283,288,-37,48,0.71,74.05,74.76
2026-09-24T17:22:21.410,458,1,0.6297,295,287,-25,47,0.63,74.11,74.73
2026-09-24T17:22:21.486,459,1,0.6289,295,287,-25,47,0.72,75.94,76.66
2026-09-24T17:22:21.561,460,1,0.5693,280,301,-40,61,0.66,74.48,75.13
2026-09-24T17:22:21.636,461,1,0.6087,296,294,-24,54,0.73,74.2,74.93
2026-09-24T17:22:21.711,462,1,0.5883,311,298,-9,58,0.63,73.81,74.44
2026-09-24T17:22:21.786,463,1,0.5672,314,301,-6,61,0.65,73.96,74.62
2026-09-24T17:22:21.860,464,1,0.5204,337,298,17,58,0.67,73.86,74.54
2026-09-24T17:22:21.935,465,1,0.4101,390,303,70,63,0.71,74.47,75.18
2026-09-24T17:22:22.010,466,1,0.6503,405,305,85,65,0.64,73.68,74.33
2026-09-24T17:22:22.084,467,1,0.4771,410,302,90,62,0.7,73.8,74.5
2026-09-24T17:22:22.159,468,1,0.7322,443,299,123,59,0.66,74.04,74.69
2026-09-24T17:22:22.235,469,1,0.7234,432,308,112,68,0.7,74.75,75.45
2026-09-24T17:22:22.309,470,1,0.5903,444,298,124,58,0.62,74.06,74.68
2026-09-24T17:22:22.384,471,1,0.6938,455,291,135,51,0.65,74.01,74.66
2026-09-24T17:22:22.459,472,1,0.6348,469,288,149,48,0.65,73.99,74.64
2026-09-24T17:22:22.535,473,1,0.7313,436,266,116,26,0.7,75.3,75.99
2026-09-24T17:22:22.609,474,1,0.8502,455,247,135,7,0.63,73.9,74.53
2026-09-24T17:22:22.685,475,1,0.6882,522,241,202,1,0.63,75.1,75.73
2026-09-24T17:22:22.760,476,1,0.7489,495,236,175,-4,0.65,73.84,74.49
2026-09-24T17:22:22.835,477,1,0.7024,458,239,138,-1,0.69,74.94,75.64
2026-09-24T17:22:22.909,478,0,,,,,,0.63,73.38,74.01
2026-09-24T17:22:22.985,479,1,0.3936,100,229,-220,-11,0.64,74.9,75.54
2026-09-24T17:22:23.059,480,0,,,,,,0.67,73.29,73.96
2026-09-24T17:22:23.135,481,1,0.4194,126,242,-194,2,0.71,75.57,76.28
2026-09-24T17:22:23.210,482,1,0.4207,222,235,-98,-5,0.64,74.1,74.74
2026-09-24T17:22:23.285,483,1,0.4301,135,243,-185,3,0.67,74.03,74.7
2026-09-24T17:22:23.360,484,1,0.4497,159,241,-161,1,0.66,74.05,74.71
2026-09-24T17:22:23.435,485,1,0.51,128,258,-192,18,0.7,74.59,75.29
2026-09-24T17:22:23.509,486,0,,,,,,0.64,73.36,74.0
2026-09-24T17:22:23.585,487,0,,,,,,0.65,74.96,75.61
2026-09-24T17:22:23.660,488,1,0.4549,577,229,257,-11,0.68,74.51,75.19
2026-09-24T17:22:23.735,489,1,0.6563,427,238,107,-2,0.69,74.14,74.83
2026-09-24T17:22:23.809,490,1,0.6196,404,224,84,-16,0.63,73.65,74.28
2026-09-24T17:22:23.884,491,1,0.5479,380,230,60,-10,0.63,73.92,74.55
2026-09-24T17:22:23.958,492,1,0.6203,245,235,-75,-5,0.65,73.97,74.63
2026-09-24T17:22:24.033,493,1,0.7318,308,236,-12,-4,0.71,74.28,74.99
2026-09-24T17:22:24.108,494,1,0.9093,238,235,-82,-5,0.63,73.96,74.59
2026-09-24T17:22:24.184,495,1,0.892,243,235,-77,-5,0.64,74.91,75.55
2026-09-24T17:22:24.258,496,1,0.8494,243,231,-77,-9,0.66,73.98,74.64
2026-09-24T17:22:24.334,497,1,0.6876,231,227,-89,-13,0.7,75.15,75.85
2026-09-24T17:22:24.408,498,1,0.8083,233,235,-87,-5,0.62,73.52,74.15
2026-09-24T17:22:24.483,499,1,0.7855,228,234,-92,-6,0.63,74.23,74.87
2026-09-24T17:22:24.558,500,1,0.4767,245,238,-75,-2,0.68,74.03,74.71
2026-09-24T17:22:24.634,501,1,0.5043,105,176,-215,-64,0.74,74.76,75.5
2026-09-24T17:22:24.708,502,1,0.4728,84,175,-236,-65,0.67,74.06,74.73
2026-09-24T17:22:24.784,503,1,0.6287,96,196,-224,-44,0.63,75.38,76.01
2026-09-24T17:22:24.859,504,1,0.4933,185,236,-135,-4,0.66,74.0,74.65
2026-09-24T17:22:24.935,505,1,0.3735,115,177,-205,-63,0.71,75.11,75.82
2026-09-24T17:22:25.010,506,1,0.5556,163,237,-157,-3,0.63,74.14,74.77
2026-09-24T17:22:25.085,507,1,0.6224,146,233,-174,-7,0.68,74.02,74.7
2026-09-24T17:22:25.159,508,0,,,,,,0.65,73.67,74.32
2026-09-24T17:22:25.237,509,1,0.4307,138,240,-182,0,0.71,77.18,77.89
2026-09-24T17:22:25.311,510,0,,,,,,0.63,73.37,73.99
2026-09-24T17:22:25.385,511,0,,,,,,0.69,73.61,74.3
2026-09-24T17:22:25.460,512,0,,,,,,0.68,73.55,74.23
2026-09-24T17:22:25.534,513,0,,,,,,0.71,73.98,74.69
2026-09-24T17:22:25.609,514,0,,,,,,0.64,73.57,74.21
2026-09-24T17:22:25.684,515,0,,,,,,0.64,74.72,75.36
2026-09-24T17:22:25.758,516,0,,,,,,0.67,73.64,74.31
2026-09-24T17:22:25.834,517,0,,,,,,0.72,75.03,75.75
2026-09-24T17:22:25.908,518,0,,,,,,0.66,73.56,74.23
2026-09-24T17:22:25.984,519,0,,,,,,0.66,74.67,75.32
2026-09-24T17:22:26.058,520,0,,,,,,0.66,73.31,73.97
2026-09-24T17:22:26.134,521,0,,,,,,0.76,75.27,76.03
2026-09-24T17:22:26.208,522,0,,,,,,0.7,73.45,74.15
2026-09-24T17:22:26.284,523,0,,,,,,0.65,74.96,75.61
2026-09-24T17:22:26.358,524,0,,,,,,0.67,73.22,73.89
2026-09-24T17:22:26.433,525,0,,,,,,0.76,74.65,75.41
2026-09-24T17:22:26.507,526,0,,,,,,0.66,73.52,74.18
2026-09-24T17:22:26.583,527,1,0.3927,545,187,225,-53,0.65,75.03,75.68
2026-09-24T17:22:26.657,528,0,,,,,,0.66,73.66,74.32
2026-09-24T17:22:26.733,529,0,,,,,,0.71,74.89,75.6
2026-09-24T17:22:26.807,530,0,,,,,,0.65,73.58,74.22
2026-09-24T17:22:26.882,531,0,,,,,,0.64,74.38,75.02
2026-09-24T17:22:26.957,532,0,,,,,,0.66,73.57,74.24
2026-09-24T17:22:27.032,533,0,,,,,,0.71,74.63,75.34
2026-09-24T17:22:27.106,534,1,0.3797,510,118,190,-122,0.65,73.52,74.17
2026-09-24T17:22:27.181,535,0,,,,,,0.64,74.39,75.04
2026-09-24T17:22:27.255,536,0,,,,,,0.67,73.15,73.82
2026-09-24T17:22:27.331,537,0,,,,,,0.71,74.7,75.4
2026-09-24T17:22:27.405,538,0,,,,,,0.64,73.16,73.81
2026-09-24T17:22:27.480,539,0,,,,,,0.64,74.78,75.43
2026-09-24T17:22:27.554,540,0,,,,,,0.69,73.53,74.22
2026-09-24T17:22:27.630,541,0,,,,,,0.7,74.99,75.69
2026-09-24T17:22:27.704,542,0,,,,,,0.66,73.69,74.35
2026-09-24T17:22:27.780,543,0,,,,,,0.65,74.89,75.55
2026-09-24T17:22:27.855,544,1,0.3664,260,350,-60,110,0.68,73.83,74.51
2026-09-24T17:22:27.930,545,0,,,,,,0.72,74.49,75.21
2026-09-24T17:22:28.004,546,0,,,,,,0.67,73.24,73.92
2026-09-24T17:22:28.079,547,0,,,,,,0.66,74.41,75.07
2026-09-24T17:22:28.154,548,0,,,,,,0.67,74.12,74.79
2026-09-24T17:22:28.229,549,0,,,,,,0.75,74.65,75.39
2026-09-24T17:22:28.304,550,1,0.4726,261,363,-59,123,0.65,74.06,74.71
2026-09-24T17:22:28.380,551,1,0.5447,255,366,-65,126,0.64,75.09,75.73
2026-09-24T17:22:28.454,552,0,,,,,,0.66,73.53,74.19
2026-09-24T17:22:28.529,553,0,,,,,,0.74,74.66,75.4
2026-09-24T17:22:28.604,554,1,0.5413,161,362,-159,122,0.64,73.98,74.62
2026-09-24T17:22:28.680,555,1,0.4787,157,362,-163,122,0.65,75.35,76.01
2026-09-24T17:22:28.755,556,1,0.4306,154,367,-166,127,0.66,74.13,74.79
2026-09-24T17:22:28.831,557,1,0.3577,155,350,-165,110,0.7,74.85,75.55
2026-09-24T17:22:28.904,558,0,,,,,,0.62,73.07,73.68
2026-09-24T17:22:28.980,559,0,,,,,,0.65,74.69,75.34
2026-09-24T17:22:29.054,560,0,,,,,,0.67,73.26,73.93
2026-09-24T17:22:29.130,561,0,,,,,,0.74,75.15,75.9
2026-09-24T17:22:29.204,562,0,,,,,,0.67,73.55,74.22
2026-09-24T17:22:29.279,563,0,,,,,,0.64,74.76,75.4
2026-09-24T17:22:29.354,564,1,0.3882,377,277,57,37,0.67,73.91,74.58
2026-09-24T17:22:29.430,565,1,0.3757,381,270,61,30,0.74,75.11,75.85
2026-09-24T17:22:29.504,566,0,,,,,,0.67,73.56,74.23
2026-09-24T17:22:29.580,567,1,0.5861,316,265,-4,25,0.66,75.04,75.7
2026-09-24T17:22:29.655,568,1,0.4557,256,261,-64,21,0.67,74.02,74.7
2026-09-24T17:22:29.731,569,1,0.362,259,263,-61,23,0.71,75.33,76.04
2026-09-24T17:22:29.805,570,1,0.3896,262,265,-58,25,0.63,73.79,74.42
2026-09-24T17:22:29.881,571,1,0.4442,286,267,-34,27,0.64,75.05,75.69
2026-09-24T17:22:29.955,572,1,0.556,429,257,109,17,0.66,73.49,74.15
2026-09-24T17:22:30.031,573,1,0.406,492,237,172,-3,0.7,75.19,75.89
2026-09-24T17:22:30.105,574,0,,,,,,0.63,73.07,73.7
2026-09-24T17:22:30.180,575,0,,,,,,0.64,74.95,75.59
2026-09-24T17:22:30.258,576,0,,,,,,0.66,76.84,77.5
2026-09-24T17:22:30.333,577,0,,,,,,0.75,73.87,74.62
2026-09-24T17:22:30.407,578,0,,,,,,0.64,73.18,73.82
2026-09-24T17:22:30.482,579,0,,,,,,0.67,75.09,75.76
2026-09-24T17:22:30.557,580,0,,,,,,0.67,73.48,74.15
2026-09-24T17:22:30.632,581,1,0.3748,476,246,156,6,0.71,75.13,75.84
2026-09-24T17:22:30.707,582,1,0.4844,244,234,-76,-6,0.64,73.75,74.4
2026-09-24T17:22:30.783,583,1,0.4438,121,224,-199,-16,0.64,75.05,75.69
2026-09-24T17:22:30.857,584,1,0.4124,381,237,61,-3,0.66,73.94,74.59
2026-09-24T17:22:30.934,585,1,0.3994,164,252,-156,12,0.72,75.53,76.24
2026-09-24T17:22:31.008,586,1,0.4188,98,240,-222,0,0.65,73.83,74.47
2026-09-24T17:22:31.083,587,1,0.4082,115,134,-205,-106,0.64,74.32,74.96
2026-09-24T17:22:31.157,588,0,,,,,,0.66,73.68,74.34
2026-09-24T17:22:31.232,589,0,,,,,,0.75,73.9,74.64
2026-09-24T17:22:31.307,590,1,0.4089,251,266,-69,26,0.64,73.83,74.47
2026-09-24T17:22:31.382,591,0,,,,,,0.64,75.08,75.72
2026-09-24T17:22:31.457,592,1,0.3757,243,199,-77,-41,0.67,73.71,74.38
2026-09-24T17:22:31.532,593,1,0.392,214,230,-106,-10,0.73,74.77,75.5
2026-09-24T17:22:31.607,594,1,0.3995,95,218,-225,-22,0.63,74.0,74.63
2026-09-24T17:22:31.683,595,1,0.4767,90,234,-230,-6,0.65,75.01,75.66
2026-09-24T17:22:31.757,596,1,0.4118,98,262,-222,22,0.67,73.94,74.6
2026-09-24T17:22:31.832,597,0,,,,,,0.73,74.04,74.78
2026-09-24T17:22:31.907,598,1,0.3931,109,298,-211,58,0.64,73.74,74.39
2026-09-24T17:22:31.983,599,1,0.4323,276,299,-44,59,0.64,75.35,75.99
2026-09-24T17:22:32.057,600,1,0.4348,259,294,-61,54,0.66,74.0,74.66
2026-09-24T17:22:32.133,601,1,0.3805,106,300,-214,60,0.73,74.49,75.23
2026-09-24T17:22:32.207,602,1,0.4392,96,269,-224,29,0.63,74.05,74.67
2026-09-24T17:22:32.282,603,0,,,,,,0.63,73.92,74.55
2026-09-24T17:22:32.356,604,0,,,,,,0.68,73.41,74.09
2026-09-24T17:22:32.432,605,1,0.3874,348,254,28,14,0.71,75.51,76.22
2026-09-24T17:22:32.507,606,0,,,,,,0.63,73.65,74.27
2026-09-24T17:22:32.581,607,0,,,,,,0.66,73.72,74.38
2026-09-24T17:22:32.656,608,0,,,,,,0.68,73.76,74.44
2026-09-24T17:22:32.731,609,0,,,,,,0.7,74.64,75.34
2026-09-24T17:22:32.805,610,0,,,,,,0.64,73.54,74.18
2026-09-24T17:22:32.881,611,1,0.5039,266,236,-54,-4,0.64,75.1,75.74
2026-09-24T17:22:32.955,612,0,,,,,,0.65,73.64,74.3
2026-09-24T17:22:33.031,613,1,0.4252,425,255,105,15,0.72,75.18,75.91
2026-09-24T17:22:33.106,614,1,0.6377,410,331,90,91,0.63,74.26,74.89
2026-09-24T17:22:33.182,615,1,0.6011,415,348,95,108,0.63,75.27,75.9
2026-09-24T17:22:33.257,616,1,0.6687,426,362,106,122,0.66,73.72,74.38
2026-09-24T17:22:33.332,617,1,0.6567,410,358,90,118,0.71,74.83,75.54
2026-09-24T17:22:33.407,618,1,0.6467,389,350,69,110,0.63,73.61,74.24
2026-09-24T17:22:33.482,619,1,0.624,396,343,76,103,0.64,75.14,75.78
2026-09-24T17:22:33.557,620,1,0.7305,403,338,83,98,0.65,73.78,74.43
2026-09-24T17:22:33.632,621,1,0.7415,407,336,87,96,0.7,74.39,75.09
2026-09-24T17:22:33.707,622,1,0.6908,424,336,104,96,0.62,73.97,74.59
2026-09-24T17:22:33.782,623,1,0.7378,427,322,107,82,0.65,74.27,74.92
2026-09-24T17:22:33.856,624,1,0.7124,461,305,141,65,0.68,73.71,74.39
2026-09-24T17:22:33.932,625,1,0.7871,484,294,164,54,0.71,75.12,75.83
2026-09-24T17:22:34.007,626,1,0.7802,421,278,101,38,0.63,73.99,74.61
2026-09-24T17:22:34.082,627,1,0.5854,388,260,68,20,0.65,74.55,75.2
2026-09-24T17:22:34.157,628,1,0.5957,402,244,82,4,0.71,74.02,74.73
2026-09-24T17:22:34.232,629,1,0.5446,415,285,95,45,0.7,74.79,75.49
2026-09-24T17:22:34.307,630,1,0.5918,354,298,34,58,0.62,73.98,74.6
2026-09-24T17:22:34.382,631,1,0.5848,368,281,48,41,0.64,74.76,75.4
2026-09-24T17:22:34.457,632,1,0.6396,416,270,96,30,0.66,74.16,74.82
2026-09-24T17:22:34.532,633,1,0.7521,383,264,63,24,0.71,74.52,75.23
2026-09-24T17:22:34.607,634,1,0.7131,363,262,43,22,0.62,74.1,74.72
2026-09-24T17:22:34.682,635,1,0.6906,402,246,82,6,0.66,74.19,74.84
2026-09-24T17:22:34.756,636,1,0.7333,408,249,88,9,0.69,73.66,74.35
2026-09-24T17:22:34.832,637,1,0.6288,405,244,85,4,0.71,74.3,75.01
2026-09-24T17:22:34.906,638,1,0.7053,369,275,49,35,0.62,73.68,74.3
2026-09-24T17:22:34.982,639,1,0.7343,352,280,32,40,0.68,75.46,76.14
2026-09-24T17:22:35.057,640,1,0.7486,358,279,38,39,0.69,74.06,74.75
2026-09-24T17:22:35.133,641,1,0.6931,421,278,101,38,0.71,74.89,75.61
2026-09-24T17:22:35.207,642,1,0.5816,407,284,87,44,0.64,74.07,74.71
2026-09-24T17:22:35.282,643,1,0.7362,378,285,58,45,0.64,74.04,74.68
2026-09-24T17:22:35.357,644,1,0.7039,382,306,62,66,0.68,73.95,74.63
2026-09-24T17:22:35.432,645,1,0.6623,346,313,26,73,0.72,74.38,75.1
2026-09-24T17:22:35.506,646,1,0.6273,358,320,38,80,0.63,73.77,74.4
2026-09-24T17:22:35.581,647,1,0.6146,421,318,101,78,0.63,74.38,75.01
2026-09-24T17:22:35.656,648,1,0.6462,411,317,91,77,0.68,73.89,74.56
2026-09-24T17:22:35.732,649,1,0.5935,433,319,113,79,0.7,75.13,75.83
2026-09-24T17:22:35.807,650,1,0.7486,504,307,184,67,0.63,74.11,74.74
2026-09-24T17:22:35.882,651,1,0.6328,517,313,197,73,0.65,74.35,75.0
2026-09-24T17:22:35.956,652,1,0.5353,543,303,223,63,0.67,73.79,74.46
2026-09-24T17:22:36.031,653,0,,,,,,0.71,73.78,74.49
2026-09-24T17:22:36.105,654,0,,,,,,0.63,73.61,74.24
2026-09-24T17:22:36.180,655,0,,,,,,0.65,74.25,74.9
2026-09-24T17:22:36.254,656,0,,,,,,0.67,73.18,73.84
2026-09-24T17:22:36.329,657,0,,,,,,0.74,74.79,75.53
2026-09-24T17:22:36.403,658,0,,,,,,0.65,73.07,73.72
2026-09-24T17:22:36.478,659,0,,,,,,0.65,74.41,75.06
2026-09-24T17:22:36.553,660,0,,,,,,0.68,73.6,74.28
2026-09-24T17:22:36.628,661,0,,,,,,0.71,74.61,75.32
2026-09-24T17:22:36.702,662,0,,,,,,0.65,73.6,74.26
2026-09-24T17:22:36.778,663,0,,,,,,0.64,74.76,75.4
2026-09-24T17:22:36.852,664,0,,,,,,0.71,73.49,74.2
2026-09-24T17:22:36.928,665,0,,,,,,0.7,74.86,75.56
2026-09-24T17:22:37.002,666,0,,,,,,0.63,73.5,74.13
2026-09-24T17:22:37.077,667,0,,,,,,0.67,74.69,75.36
2026-09-24T17:22:37.152,668,1,0.376,417,310,97,70,0.67,74.22,74.89
2026-09-24T17:22:37.228,669,0,,,,,,0.7,74.69,75.39
2026-09-24T17:22:37.302,670,1,0.5227,316,292,-4,52,0.65,73.94,74.59
2026-09-24T17:22:37.378,671,1,0.745,283,317,-37,77,0.64,74.89,75.52
2026-09-24T17:22:37.453,672,1,0.6891,271,324,-49,84,0.69,74.1,74.79
2026-09-24T17:22:37.529,673,1,0.6479,232,311,-88,71,0.7,75.15,75.85
2026-09-24T17:22:37.603,674,1,0.6873,241,318,-79,78,0.63,73.51,74.14
2026-09-24T17:22:37.678,675,1,0.6555,263,331,-57,91,0.64,74.88,75.52
2026-09-24T17:22:37.753,676,1,0.7434,229,326,-91,86,0.65,73.83,74.49
2026-09-24T17:22:37.828,677,1,0.6642,242,319,-78,79,0.71,74.84,75.55
2026-09-24T17:22:37.903,678,1,0.5837,223,318,-97,78,0.63,73.66,74.29
2026-09-24T17:22:37.978,679,1,0.6585,215,320,-105,80,0.64,74.85,75.49
2026-09-24T17:22:38.053,680,1,0.3561,249,322,-71,82,0.66,73.75,74.42
2026-09-24T17:22:38.129,681,1,0.4572,159,314,-161,74,0.7,75.59,76.29
2026-09-24T17:22:38.203,682,1,0.576,97,311,-223,71,0.62,73.62,74.24
2026-09-24T17:22:38.279,683,1,0.4944,67,311,-253,71,0.64,75.0,75.64
2026-09-24T17:22:38.353,684,0,,,,,,0.67,73.09,73.76
2026-09-24T17:22:38.430,685,0,,,,,,0.71,76.61,77.32
2026-09-24T17:22:38.505,686,1,0.4606,93,292,-227,52,0.64,73.89,74.53
2026-09-24T17:22:38.580,687,1,0.3901,66,297,-254,57,0.65,74.14,74.79
2026-09-24T17:22:38.654,688,0,,,,,,0.67,73.52,74.2
2026-09-24T17:22:38.729,689,0,,,,,,0.75,74.43,75.18
2026-09-24T17:22:38.803,690,0,,,,,,0.64,73.24,73.88
2026-09-24T17:22:38.878,691,0,,,,,,0.65,74.75,75.39
2026-09-24T17:22:38.952,692,0,,,,,,0.66,73.2,73.87
2026-09-24T17:22:39.028,693,0,,,,,,0.71,75.13,75.84
2026-09-24T17:22:39.102,694,0,,,,,,0.65,73.17,73.82
2026-09-24T17:22:39.178,695,0,,,,,,0.65,74.83,75.48
2026-09-24T17:22:39.252,696,0,,,,,,0.71,73.57,74.27
2026-09-24T17:22:39.328,697,1,0.358,321,247,1,7,0.71,74.81,75.51
2026-09-24T17:22:39.402,698,0,,,,,,0.63,73.25,73.87
2026-09-24T17:22:39.477,699,1,0.7214,228,234,-92,-6,0.67,75.07,75.75
2026-09-24T17:22:39.552,700,1,0.6838,279,234,-41,-6,0.66,73.93,74.59
2026-09-24T17:22:39.628,701,1,0.667,274,237,-46,-3,0.69,74.97,75.66
2026-09-24T17:22:39.702,702,1,0.7409,355,238,35,-2,0.63,73.64,74.26
2026-09-24T17:22:39.777,703,1,0.7835,334,238,14,-2,0.66,74.68,75.34
2026-09-24T17:22:39.852,704,1,0.8102,358,246,38,6,0.67,73.87,74.54
2026-09-24T17:22:39.928,705,1,0.3871,355,223,35,-17,0.7,74.83,75.52
2026-09-24T17:22:40.002,706,1,0.4891,338,298,18,58,0.64,73.6,74.23
2026-09-24T17:22:40.077,707,1,0.7402,320,302,0,62,0.68,74.44,75.13
2026-09-24T17:22:40.152,708,1,0.5434,293,306,-27,66,0.68,74.02,74.7
2026-09-24T17:22:40.227,709,1,0.5102,256,316,-64,76,0.7,74.83,75.53
2026-09-24T17:22:40.302,710,1,0.7047,222,337,-98,97,0.63,73.78,74.41
2026-09-24T17:22:40.377,711,1,0.4653,266,338,-54,98,0.66,75.04,75.7
2026-09-24T17:22:40.452,712,1,0.5892,206,340,-114,100,0.65,73.96,74.61
2026-09-24T17:22:40.528,713,1,0.6348,264,364,-56,124,0.7,75.01,75.71
2026-09-24T17:22:40.602,714,1,0.5089,267,362,-53,122,0.62,73.73,74.35
2026-09-24T17:22:40.678,715,1,0.545,249,347,-71,107,0.64,74.83,75.47
2026-09-24T17:22:40.752,716,1,0.4734,294,355,-26,115,0.69,73.7,74.38
2026-09-24T17:22:40.828,717,1,0.4929,269,352,-51,112,0.71,74.78,75.5
2026-09-24T17:22:40.902,718,1,0.6035,304,336,-16,96,0.63,73.49,74.12
2026-09-24T17:22:40.978,719,1,0.5338,303,340,-17,100,0.68,75.15,75.83
2026-09-24T17:22:41.052,720,1,0.5091,310,347,-10,107,0.7,73.69,74.39
2026-09-24T17:22:41.128,721,1,0.4024,371,334,51,94,0.72,75.13,75.85
2026-09-24T17:22:41.202,722,1,0.5063,245,366,-75,126,0.66,73.49,74.15
2026-09-24T17:22:41.278,723,0,,,,,,0.64,74.62,75.26
2026-09-24T17:22:41.352,724,1,0.5359,289,375,-31,135,0.71,73.62,74.33
2026-09-24T17:22:41.428,725,1,0.3572,301,346,-19,106,0.7,75.03,75.73
2026-09-24T17:22:41.502,726,1,0.6492,289,365,-31,125,0.62,73.52,74.14
2026-09-24T17:22:41.578,727,1,0.4958,295,337,-25,97,0.66,75.31,75.98
2026-09-24T17:22:41.652,728,1,0.6606,271,346,-49,106,0.68,73.4,74.08
2026-09-24T17:22:41.728,729,1,0.7441,275,325,-45,85,0.7,74.85,75.55
2026-09-24T17:22:41.802,730,1,0.6446,261,336,-59,96,0.63,73.59,74.22
2026-09-24T17:22:41.878,731,1,0.7908,261,329,-59,89,0.67,74.95,75.61
2026-09-24T17:22:41.952,732,1,0.7661,261,330,-59,90,0.75,73.51,74.26
2026-09-24T17:22:42.028,733,1,0.7057,268,321,-52,81,0.7,74.89,75.58
2026-09-24T17:22:42.102,734,1,0.6027,261,342,-59,102,0.63,73.66,74.29
2026-09-24T17:22:42.178,735,1,0.3927,283,333,-37,93,0.67,75.15,75.82
2026-09-24T17:22:42.252,736,1,0.5854,289,370,-31,130,0.71,73.67,74.38
2026-09-24T17:22:42.328,737,1,0.3859,295,361,-25,121,0.71,75.01,75.72
2026-09-24T17:22:42.402,738,1,0.641,300,329,-20,89,0.65,73.69,74.33
2026-09-24T17:22:42.478,739,1,0.6335,302,321,-18,81,0.64,75.03,75.67
2026-09-24T17:22:42.552,740,1,0.6008,227,299,-93,59,0.68,73.46,74.14
2026-09-24T17:22:42.628,741,1,0.6045,210,298,-110,58,0.71,75.22,75.93
2026-09-24T17:22:42.703,742,1,0.7939,245,291,-75,51,0.63,73.79,74.41
2026-09-24T17:22:42.778,743,1,0.7297,229,293,-91,53,0.64,74.76,75.4
2026-09-24T17:22:42.852,744,1,0.669,213,297,-107,57,0.7,73.52,74.23
2026-09-24T17:22:42.928,745,1,0.6054,241,300,-79,60,0.71,74.85,75.57
2026-09-24T17:22:43.002,746,1,0.6259,184,314,-136,74,0.63,73.46,74.09
2026-09-24T17:22:43.078,747,1,0.5505,249,324,-71,84,0.63,74.82,75.45
2026-09-24T17:22:43.152,748,1,0.4531,185,365,-135,125,0.68,73.66,74.34
2026-09-24T17:22:43.228,749,1,0.6171,196,321,-124,81,0.71,74.99,75.71
2026-09-24T17:22:43.302,750,1,0.6467,181,378,-139,138,0.63,73.45,74.08
2026-09-24T17:22:43.378,751,1,0.4662,197,340,-123,100,0.68,74.85,75.52
2026-09-24T17:22:43.452,752,1,0.412,178,396,-142,156,0.7,73.48,74.18
2026-09-24T17:22:43.528,753,1,0.4871,192,366,-128,126,0.71,75.06,75.77
2026-09-24T17:22:43.602,754,1,0.3546,201,399,-119,159,0.73,73.37,74.09
2026-09-24T17:22:43.677,755,1,0.5423,240,352,-80,112,0.76,74.82,75.57
2026-09-24T17:22:43.752,756,1,0.4825,233,340,-87,100,0.76,73.72,74.48
2026-09-24T17:22:43.827,757,0,,,,,,0.71,74.69,75.4
2026-09-24T17:22:43.902,758,1,0.6026,278,298,-42,58,0.74,73.59,74.33
2026-09-24T17:22:43.977,759,1,0.6055,232,280,-88,40,0.66,75.04,75.7
2026-09-24T17:22:44.052,760,1,0.6684,304,308,-16,68,0.78,73.56,74.34
2026-09-24T17:22:44.128,761,1,0.639,332,251,12,11,0.7,75.59,76.29
2026-09-24T17:22:44.203,762,1,0.6735,278,283,-42,43,0.72,73.86,74.58
2026-09-24T17:22:44.279,763,1,0.6556,342,272,22,32,0.64,75.04,75.68
2026-09-24T17:22:44.353,764,1,0.6522,304,269,-16,29,0.76,74.09,74.85
2026-09-24T17:22:44.428,765,1,0.4759,274,267,-46,27,0.71,74.2,74.91
2026-09-24T17:22:44.503,766,1,0.617,316,265,-4,25,0.72,73.96,74.68
2026-09-24T17:22:44.578,767,1,0.6789,327,265,7,25,0.65,74.2,74.85
2026-09-24T17:22:44.653,768,1,0.6319,257,274,-63,34,0.78,74.0,74.77
2026-09-24T17:22:44.728,769,1,0.7695,305,282,-15,42,0.7,74.48,75.18
2026-09-24T17:22:44.803,770,1,0.7795,306,279,-14,39,0.73,73.89,74.62
2026-09-24T17:22:44.878,771,1,0.7856,269,286,-51,46,0.65,74.8,75.45
2026-09-24T17:22:44.953,772,1,0.7781,294,283,-26,43,0.75,73.98,74.73
2026-09-24T17:22:45.028,773,1,0.7622,301,285,-19,45,0.71,74.4,75.1
2026-09-24T17:22:45.103,774,1,0.7432,304,282,-16,42,0.72,73.98,74.71
2026-09-24T17:22:45.178,775,1,0.7524,293,282,-27,42,0.64,74.24,74.88
2026-09-24T17:22:45.253,776,1,0.7312,288,278,-32,38,0.79,73.99,74.78
2026-09-24T17:22:45.328,777,1,0.7603,359,281,39,41,0.7,75.0,75.7
2026-09-24T17:22:45.403,778,1,0.6702,318,282,-2,42,0.63,74.18,74.81
2026-09-24T17:22:45.478,779,1,0.6595,302,282,-18,42,0.65,74.26,74.91
2026-09-24T17:22:45.553,780,1,0.7022,251,285,-69,45,0.75,74.21,74.97
2026-09-24T17:22:45.628,781,1,0.7045,258,284,-62,44,0.71,74.43,75.15
2026-09-24T17:22:45.703,782,1,0.7296,246,290,-74,50,0.73,73.92,74.65
2026-09-24T17:22:45.778,783,1,0.5983,293,286,-27,46,0.65,74.38,75.02
2026-09-24T17:22:45.853,784,1,0.6806,238,279,-82,39,0.75,74.13,74.89
2026-09-24T17:22:45.929,785,1,0.6517,229,283,-91,43,0.72,74.9,75.61
2026-09-24T17:22:46.003,786,1,0.6015,311,284,-9,44,0.73,73.83,74.55
2026-09-24T17:22:46.078,787,1,0.607,323,300,3,60,0.66,74.11,74.77
2026-09-24T17:22:46.153,788,1,0.547,348,310,28,70,0.76,74.18,74.93
2026-09-24T17:22:46.228,789,1,0.568,361,334,41,94,0.71,74.16,74.87
2026-09-24T17:22:46.303,790,1,0.6253,376,355,56,115,0.63,74.11,74.74
2026-09-24T17:22:46.378,791,1,0.486,383,356,63,116,0.67,74.03,74.71
2026-09-24T17:22:46.453,792,1,0.627,423,341,103,101,0.79,74.05,74.84
2026-09-24T17:22:46.528,793,1,0.5788,470,333,150,93,0.73,74.21,74.94
